{
	"easycom": {
			"^u-(.*)": "@/uview-ui/components/u-$1/u-$1.vue"
		},
	
	"pages": [ //pages数组中第一项表示应用启动页，参考：https://uniapp.dcloud.io/collocation/pages
		 
		{
			"path": "pages/index/index",
			"style": {
				"navigationStyle": "custom" 
			}
			 
		},
		{
			"path": "pages/bertSuggest/index",
			"style": {
				"navigationBarTitleText": "意见反馈"
			}
			 
		},
		 
		{
			"path": "pages/lanya/blebinding",
			"style": {
				"navigationBarTitleText": "蓝牙绑定",
				"navigationBarBackgroundColor":"#32529B"
			}
		},
		{
			"path": "pages/index/statistics",
			"style": {
				"navigationBarTitleText": "用眼统计",
				"navigationBarBackgroundColor":"#32529B"
			}
		},
		{
			"path": "pages/index/binding",
			"style": {
				"navigationBarTitleText": "蓝牙连接",
				"navigationBarBackgroundColor":"#32529B"
			}
		},
		{
			"path": "pages/signin/signin",
			"style": {
				"navigationBarTitleText": "登录"
			}
		},
		{
			"path": "pages/index/details",
			"style": {
				"navigationBarTitleText": "详情",
				"navigationBarBackgroundColor":"#32529B"
			}
		},
		{
			"path": "pages/index/my",
			"style": {
				"navigationBarTitleText": "我的",
				"navigationBarBackgroundColor":"#32529B"
			}
		},
		{
			"path": "pages/signin/edit",
			"style": {
				"navigationBarTitleText": "我的信息"
			}
		},
		{
			"path": "pages/signin/activity",
			"style": {
				"navigationBarTitleText": "我的活动"
			}
		},
		{
			"path": "pages/index/activity",
			"style": {
				"navigationBarTitleText": "预约试用"
			}
		}
	,{
    "path": "uni_modules/uni-pay/pages/success/success",
    "style": {
        "backgroundColor": "#F8F8F8",
        "navigationBarTitleText": "支付成功"
    }
}
,{
    "path": "uni_modules/uni-pay/pages/ad-interactive-webview/ad-interactive-webview",
    "style": {
        "backgroundColor": "#F8F8F8",
        "navigationBarTitleText": "ad"
    }
}
],
	"globalStyle": {
		"navigationBarTextStyle": "black",
		"navigationBarTitleText": "uni-app",
		"navigationBarBackgroundColor": "#F8F8F8",
		"backgroundColor": "#F8F8F8"
	},
		"tabBar": {
		        "color": "#7A7E83", // tab 上的文字默认颜色
		        "selectedColor": "#1989fa", // tab 上的文字选中时的颜色
		        "borderStyle": "black", // tabbar 上边框的颜色，可选值 black/white
		        "backgroundColor": "#ffffff",  // tab 的背景色
		        "list": [{ // 最少2个、最多5个 tab
		            "pagePath": "pages/index/index", // 页面路径，必须在 pages 中先定义
		            "iconPath": "static/index/19.png", // 图片路径，icon 大小限制为40kb，建议尺寸为 81px * 81px
		            "selectedIconPath": "static/index/20.png", // 选中时的图片路径
		            "text": "首页" // tab 上按钮文字
		        }, 
				{ // 最少2个、最多5个 tab
				    "pagePath": "pages/index/my", // 页面路径，必须在 pages 中先定义
				    "iconPath": "static/index/21.png", // 图片路径，icon 大小限制为40kb，建议尺寸为 81px * 81px
				    "selectedIconPath": "static/index/22.png", // 选中时的图片路径
				    "text": "个人中心" // tab 上按钮文字
				}]
		    }
}
